{
    "data": [
        { "type": "Feature", "properties": { "mag": 0 }, "lati": 77.2492, "longi": 28.5363 }, { "type": "Feature", "properties": { "mag": 3 }, "lati": 77.086, "longi": 28.6127 }, { "type": "Feature", "properties": { "mag": 4 }, "lati": 77.2042, "longi": 28.5299 }, { "type": "Feature", "properties": { "mag": 0 }, "lati": 77.2361, "longi": 28.6436 }, { "type": "Feature", "properties": { "mag": 0 }, "lati": 77.1937, "longi": 28.7026 }, { "type": "Feature", "properties": { "mag": 0 }, "lati": 77.2937, "longi": 28.6534 }, { "type": "Feature", "properties": { "mag": 0 }, "lati": 77.2262, "longi": 28.6664 }, { "type": "Feature", "properties": { "mag": 0 }, "lati": 77.2653, "longi": 28.5307 }, { "type": "Feature", "properties": { "mag": 0 }, "lati": 77.0662, "longi": 28.6091 }, { "type": "Feature", "properties": { "mag": 0 }, "lati": 77.2676, "longi": 28.5623 }, { "type": "Feature", "properties": { "mag": 1 }, "lati": 77.3062, "longi": 28.523 }, { "type": "Feature", "properties": { "mag": 0 }, "lati": 77.2242, "longi": 28.7072 }, { "type": "Feature", "properties": { "mag": 2 }, "lati": 77.0036, "longi": 28.7258 }, { "type": "Feature", "properties": { "mag": 3 }, "lati": 77.1738, "longi": 28.66 }, { "type": "Feature", "properties": { "mag": 1 }, "lati": 77.0864, "longi": 28.5914 }, { "type": "Feature", "properties": { "mag": 0 }, "lati": 77.1276, "longi": 28.7179 }, { "type": "Feature", "properties": { "mag": 0 }, "lati": 77.179, "longi": 28.5705 }, { "type": "Feature", "properties": { "mag": 0 }, "lati": 77.1159, "longi": 28.7024 }, { "type": "Feature", "properties": { "mag": 4 }, "lati": 77.1328, "longi": 28.6744 }, { "type": "Feature", "properties": { "mag": 2 }, "lati": 77.0156, "longi": 28.6037 }, { "type": "Feature", "properties": { "mag": 0 }, "lati": 77.1974, "longi": 28.7366 }, { "type": "Feature", "properties": { "mag": 1 }, "lati": 77.2336, "longi": 28.6528 }, { "type": "Feature", "properties": { "mag": 0 }, "lati": 77.1753, "longi": 28.7098 }, { "type": "Feature", "properties": { "mag": 0 }, "lati": 77.1961, "longi": 28.6034 }, { "type": "Feature", "properties": { "mag": 3 }, "lati": 77.3026, "longi": 28.6204 }, { "type": "Feature", "properties": { "mag": 0 }, "lati": 77.0888, "longi": 28.6796 }, { "type": "Feature", "properties": { "mag": 2 }, "lati": 77.1511, "longi": 28.4655 }, { "type": "Feature", "properties": { "mag": 0 }, "lati": 77.2175, "longi": 28.6498 }, { "type": "Feature", "properties": { "mag": 0 }, "lati": 77.1199, "longi": 28.6397 }, { "type": "Feature", "properties": { "mag": 3 }, "lati": 77.1749, "longi": 28.7336 }, { "type": "Feature", "properties": { "mag": 1 }, "lati": 77.2262, "longi": 28.643 }, { "type": "Feature", "properties": { "mag": 4 }, "lati": 77.225, "longi": 28.6309 }, { "type": "Feature", "properties": { "mag": 1 }, "lati": 77.2049, "longi": 28.5693 }, { "type": "Feature", "properties": { "mag": 0 }, "lati": 77.2086, "longi": 28.7002 }, { "type": "Feature", "properties": { "mag": 0 }, "lati": 77.2922, "longi": 28.6688 }, { "type": "Feature", "properties": { "mag": 1 }, "lati": 77.2574, "longi": 28.5332 }, { "type": "Feature", "properties": { "mag": 1 }, "lati": 77.2564, "longi": 28.5473 }, { "type": "Feature", "properties": { "mag": 0 }, "lati": 77.1805, "longi": 28.6478 }, { "type": "Feature", "properties": { "mag": 1 }, "lati": 77.2405, "longi": 28.5874 }, { "type": "Feature", "properties": { "mag": 1 }, "lati": 77.145, "longi": 28.6308 }, { "type": "Feature", "properties": { "mag": 3 }, "lati": 77.2746, "longi": 28.5268 }, { "type": "Feature", "properties": { "mag": 1 }, "lati": 77.1422, "longi": 28.7252 }, { "type": "Feature", "properties": { "mag": 2 }, "lati": 76.9156, "longi": 28.5957 }, { "type": "Feature", "properties": { "mag": 3 }, "lati": 77.1208, "longi": 28.6266 }, { "type": "Feature", "properties": { "mag": 0 }, "lati": 77.0608, "longi": 28.7096 }, { "type": "Feature", "properties": { "mag": 1 }, "lati": 77.1019, "longi": 28.71 }, { "type": "Feature", "properties": { "mag": 4 }, "lati": 77.2409, "longi": 28.5591 }, { "type": "Feature", "properties": { "mag": 2 }, "lati": 77.1391, "longi": 28.799 }, { "type": "Feature", "properties": { "mag": 0 }, "lati": 77.1642, "longi": 28.7258 }, { "type": "Feature", "properties": { "mag": 1 }, "lati": 77.1524, "longi": 28.5349 }, { "type": "Feature", "properties": { "mag": 0 }, "lati": 77.1657, "longi": 28.7429 }, { "type": "Feature", "properties": { "mag": 2 }, "lati": 77.0425, "longi": 28.7965 }, { "type": "Feature", "properties": { "mag": 2 }, "lati": 77.0518, "longi": 28.7245 }, { "type": "Feature", "properties": { "mag": 0 }, "lati": 77.1378, "longi": 28.6336 }, { "type": "Feature", "properties": { "mag": 3 }, "lati": 77.2143, "longi": 28.4989 }, { "type": "Feature", "properties": { "mag": 3 }, "lati": 77.1828, "longi": 28.635 }, { "type": "Feature", "properties": { "mag": 0 }, "lati": 77.1571, "longi": 28.7168 }, { "type": "Feature", "properties": { "mag": 3 }, "lati": 77.1598, "longi": 28.6842 }, { "type": "Feature", "properties": { "mag": 3 }, "lati": 77.1193, "longi": 28.6978 }, { "type": "Feature", "properties": { "mag": 3 }, "lati": 77.2085, "longi": 28.6654 }, { "type": "Feature", "properties": { "mag": 0 }, "lati": 77.2143, "longi": 28.63 }, { "type": "Feature", "properties": { "mag": 1 }, "lati": 77.2442, "longi": 28.5924 }, { "type": "Feature", "properties": { "mag": 1 }, "lati": 77.2406, "longi": 28.6419 }, { "type": "Feature", "properties": { "mag": 3 }, "lati": 77.0916, "longi": 28.6966 }, { "type": "Feature", "properties": { "mag": 1 }, "lati": 77.3066, "longi": 28.6668 }, { "type": "Feature", "properties": { "mag": 3 }, "lati": 77.2188, "longi": 28.6556 }, { "type": "Feature", "properties": { "mag": 0 }, "lati": 77.0786, "longi": 28.7026 }, { "type": "Feature", "properties": { "mag": 1 }, "lati": 77.2764, "longi": 28.6554 }, { "type": "Feature", "properties": { "mag": 0 }, "lati": 77.2215, "longi": 28.6885 }, { "type": "Feature", "properties": { "mag": 0 }, "lati": 77.1743, "longi": 28.6924 }, { "type": "Feature", "properties": { "mag": 3 }, "lati": 77.1014, "longi": 28.639 }, { "type": "Feature", "properties": { "mag": 3 }, "lati": 77.0829, "longi": 28.5881 }, { "type": "Feature", "properties": { "mag": 4 }, "lati": 77.1466, "longi": 28.6601 }, { "type": "Feature", "properties": { "mag": 0 }, "lati": 77.0995, "longi": 28.6094 }, { "type": "Feature", "properties": { "mag": 3 }, "lati": 77.2093, "longi": 28.6458 }, { "type": "Feature", "properties": { "mag": 1 }, "lati": 77.2112, "longi": 28.654 }, { "type": "Feature", "properties": { "mag": 1 }, "lati": 77.1991, "longi": 28.5745 }, { "type": "Feature", "properties": { "mag": 0 }, "lati": 76.9827, "longi": 28.6098 }, { "type": "Feature", "properties": { "mag": 2 }, "lati": 77.0872, "longi": 28.5296 }, { "type": "Feature", "properties": { "mag": 0 }, "lati": 77.3171, "longi": 28.6136 }, { "type": "Feature", "properties": { "mag": 0 }, "lati": 77.3036, "longi": 28.4938 }, { "type": "Feature", "properties": { "mag": 4 }, "lati": 77.1441, "longi": 28.689 }, { "type": "Feature", "properties": { "mag": 0 }, "lati": 77.2077, "longi": 28.6692 }, { "type": "Feature", "properties": { "mag": 3 }, "lati": 77.2065, "longi": 28.6925 }, { "type": "Feature", "properties": { "mag": 3 }, "lati": 77.2032, "longi": 28.6386 }, { "type": "Feature", "properties": { "mag": 0 }, "lati": 77.2112, "longi": 28.5983 }, { "type": "Feature", "properties": { "mag": 1 }, "lati": 77.2405, "longi": 28.5684 }, { "type": "Feature", "properties": { "mag": 3 }, "lati": 77.2807, "longi": 28.667 }, { "type": "Feature", "properties": { "mag": 0 }, "lati": 77.2337, "longi": 28.6042 }, { "type": "Feature", "properties": { "mag": 0 }, "lati": 77.3131, "longi": 28.656 }, { "type": "Feature", "properties": { "mag": 3 }, "lati": 77.1562, "longi": 28.7584 }, { "type": "Feature", "properties": { "mag": 1 }, "lati": 77.2328, "longi": 28.5541 }, { "type": "Feature", "properties": { "mag": 1 }, "lati": 77.0683, "longi": 28.63 }, { "type": "Feature", "properties": { "mag": 4 }, "lati": 77.0649, "longi": 28.625 }, { "type": "Feature", "properties": { "mag": 1 }, "lati": 77.2334, "longi": 28.5647 }, { "type": "Feature", "properties": { "mag": 3 }, "lati": 77.2924, "longi": 28.5621 }, { "type": "Feature", "properties": { "mag": 0 }, "lati": 77.2315, "longi": 28.6625 }, { "type": "Feature", "properties": { "mag": 0 }, "lati": 77.291, "longi": 28.5016 }, { "type": "Feature", "properties": { "mag": 1 }, "lati": 77.282, "longi": 28.5405 }, { "type": "Feature", "properties": { "mag": 4 }, "lati": 77.067, "longi": 28.682 }, { "type": "Feature", "properties": { "mag": 1 }, "lati": 77.1986, "longi": 28.5585 }, { "type": "Feature", "properties": { "mag": 1 }, "lati": 77.2255, "longi": 28.6434 }, { "type": "Feature", "properties": { "mag": 2 }, "lati": 77.0667, "longi": 28.5784 }, { "type": "Feature", "properties": { "mag": 0 }, "lati": 77.1012, "longi": 28.6711 }, { "type": "Feature", "properties": { "mag": 0 }, "lati": 77.0674, "longi": 28.6205 }, { "type": "Feature", "properties": { "mag": 3 }, "lati": 77.2354, "longi": 28.6182 }, { "type": "Feature", "properties": { "mag": 0 }, "lati": 77.1196, "longi": 28.6515 }, { "type": "Feature", "properties": { "mag": 1 }, "lati": 77.243, "longi": 28.5096 }, { "type": "Feature", "properties": { "mag": 1 }, "lati": 77.3037, "longi": 28.6073 }, { "type": "Feature", "properties": { "mag": 2 }, "lati": 77.0789, "longi": 28.7477 }, { "type": "Feature", "properties": { "mag": 1 }, "lati": 77.2673, "longi": 28.6596 }, { "type": "Feature", "properties": { "mag": 2 }, "lati": 77.0585, "longi": 28.5641 }, { "type": "Feature", "properties": { "mag": 0 }, "lati": 77.1587, "longi": 28.6475 }, { "type": "Feature", "properties": { "mag": 3 }, "lati": 77.036, "longi": 28.6538 }, { "type": "Feature", "properties": { "mag": 1 }, "lati": 77.2272, "longi": 28.5288 }, { "type": "Feature", "properties": { "mag": 1 }, "lati": 77.2703, "longi": 28.6378 }, { "type": "Feature", "properties": { "mag": 0 }, "lati": 77.2953, "longi": 28.6385 }, { "type": "Feature", "properties": { "mag": 3 }, "lati": 77.1351, "longi": 28.6405 }, { "type": "Feature", "properties": { "mag": 1 }, "lati": 77.2085, "longi": 28.5494 }, { "type": "Feature", "properties": { "mag": 2 }, "lati": 77.0228, "longi": 28.8066 }, { "type": "Feature", "properties": { "mag": 1 }, "lati": 77.121, "longi": 28.7304 }, { "type": "Feature", "properties": { "mag": 3 }, "lati": 77.2472, "longi": 28.6274 }, { "type": "Feature", "properties": { "mag": 3 }, "lati": 77.2251, "longi": 28.5759 }, { "type": "Feature", "properties": { "mag": 2 }, "lati": 77.1244, "longi": 28.5987 }, { "type": "Feature", "properties": { "mag": 0 }, "lati": 77.1933, "longi": 28.6526 }, { "type": "Feature", "properties": { "mag": 3 }, "lati": 77.1133, "longi": 28.6576 }, { "type": "Feature", "properties": { "mag": 4 }, "lati": 77.2839, "longi": 28.6436 }, { "type": "Feature", "properties": { "mag": 0 }, "lati": 77.1582, "longi": 28.6524 }, { "type": "Feature", "properties": { "mag": 1 }, "lati": 77.1693, "longi": 28.558 }, { "type": "Feature", "properties": { "mag": 3 }, "lati": 77.1932, "longi": 28.6526 }, { "type": "Feature", "properties": { "mag": 4 }, "lati": 77.2602, "longi": 28.5784 }, { "type": "Feature", "properties": { "mag": 3 }, "lati": 77.0885, "longi": 28.8532 }, { "type": "Feature", "properties": { "mag": 4 }, "lati": 77.3118, "longi": 28.5982 }, { "type": "Feature", "properties": { "mag": 0 }, "lati": 77.2137, "longi": 28.6247 }, { "type": "Feature", "properties": { "mag": 0 }, "lati": 77.0717, "longi": 28.665 }, { "type": "Feature", "properties": { "mag": 3 }, "lati": 77.3061, "longi": 28.6254 }, { "type": "Feature", "properties": { "mag": 0 }, "lati": 77.1785, "longi": 28.6806 }, { "type": "Feature", "properties": { "mag": 0 }, "lati": 77.3061, "longi": 28.6254 }, { "type": "Feature", "properties": { "mag": 2 }, "lati": 76.9668, "longi": 28.6287 }, { "type": "Feature", "properties": { "mag": 2 }, "lati": 76.9947, "longi": 28.5869 }, { "type": "Feature", "properties": { "mag": 2 }, "lati": 77.1802, "longi": 28.5215 }, { "type": "Feature", "properties": { "mag": 3 }, "lati": 77.146, "longi": 28.7004 }, { "type": "Feature", "properties": { "mag": 3 }, "lati": 77.0819, "longi": 28.6286 }, { "type": "Feature", "properties": { "mag": 1 }, "lati": 77.1837, "longi": 28.6684 }, { "type": "Feature", "properties": { "mag": 1 }, "lati": 77.1926, "longi": 28.67 }, { "type": "Feature", "properties": { "mag": 3 }, "lati": 77.2026, "longi": 28.685 }, { "type": "Feature", "properties": { "mag": 0 }, "lati": 77.1523, "longi": 28.5349 }, { "type": "Feature", "properties": { "mag": 3 }, "lati": 77.1182, "longi": 28.7089 }, { "type": "Feature", "properties": { "mag": 1 }, "lati": 77.3327, "longi": 28.6249 }, { "type": "Feature", "properties": { "mag": 1 }, "lati": 77.3165, "longi": 28.6781 }, { "type": "Feature", "properties": { "mag": 0 }, "lati": 77.2686, "longi": 28.6743 }, { "type": "Feature", "properties": { "mag": 3 }, "lati": 77.2986, "longi": 28.6828 }, { "type": "Feature", "properties": { "mag": 3 }, "lati": 77.2852, "longi": 28.6742 }, { "type": "Feature", "properties": { "mag": 1 }, "lati": 77.2561, "longi": 28.7111 }, { "type": "Feature", "properties": { "mag": 3 }, "lati": 77.2917, "longi": 28.6961 }, { "type": "Feature", "properties": { "mag": 0 }, "lati": 77.3185, "longi": 28.706 }, { "type": "Feature", "properties": { "mag": 2 }, "lati": 76.9608, "longi": 28.6704 }, { "type": "Feature", "properties": { "mag": 3 }, "lati": 77.2644, "longi": 28.7013 }, { "type": "Feature", "properties": { "mag": 1 }, "lati": 77.273, "longi": 28.6791 }, { "type": "Feature", "properties": { "mag": 1 }, "lati": 77.2748, "longi": 28.6734 }, { "type": "Feature", "properties": { "mag": 3 }, "lati": 77.3082, "longi": 28.6985 }, { "type": "Feature", "properties": { "mag": 1 }, "lati": 77.316, "longi": 28.685 }, { "type": "Feature", "properties": { "mag": 1 }, "lati": 77.2621, "longi": 28.672 }, { "type": "Feature", "properties": { "mag": 3 }, "lati": 77.2561, "longi": 28.7113 }, { "type": "Feature", "properties": { "mag": 3 }, "lati": 77.2745, "longi": 28.7328 }, { "type": "Feature", "properties": { "mag": 0 }, "lati": 77.2808, "longi": 28.7022 }
    ]
}